Mes,mean
1,71341198.62075357
2,83409016.7523139
3,86402292.25132537
4,86853445.19002153
5,75790985.50923803
6,67871182.00300781
7,64247292.784354396
8,68343496.40865818
9,72365174.96209918
10,79309175.92005432
11,59718562.051075846
12,79341059.11183184
